epoch,steps,cosine_pearson,cosine_spearman,euclidean_pearson,euclidean_spearman,manhattan_pearson,manhattan_spearman,dot_pearson,dot_spearman
0,-1,0.8928535641175168,0.8285147210742887,0.8766164525511703,0.825426693581128,0.8783635805610293,0.8255501122006603,0.8780151728937445,0.8208436827030491
1,-1,0.9352516748819399,0.8482342555379235,0.9176987732389491,0.8442921265453743,0.9198323004162382,0.8444127605992366,0.9224246893223266,0.8449828038815028
2,-1,0.943474123264128,0.8526132676502529,0.9291766298515856,0.8491350145876186,0.9309814730310688,0.8496784441247678,0.9340397618348973,0.8499000749752208
3,-1,0.9470651240899371,0.8533586270751014,0.9323680989038184,0.8492681289513547,0.9342065993480969,0.849423323943873,0.9388962146043847,0.8508515874730791
